Time(min),Temperature(°C),Humidity(%),Pressure(hPa)
0.00,22.46,51.90,1009.49
1.00,23.06,55.31,1012.52
2.00,22.88,42.96,1013.15
3.00,22.36,46.81,1010.28
4.00,21.43,48.39,1011.44
5.00,23.34,55.05,1013.33
6.00,22.49,64.62,1008.61
7.00,22.19,58.34,1010.15
8.00,22.40,54.94,1013.57
9.00,21.20,52.85,1007.57
10.00,21.26,59.47,1014.57
11.00,21.74,50.71,1008.66
12.00,22.78,55.67,1011.59
13.00,20.47,62.04,1010.57
14.00,21.19,42.75,1013.44
15.00,20.45,54.27,1010.32
16.00,23.56,55.21,1008.35
17.00,20.72,45.10,1012.18
18.00,19.46,53.25,1010.65
19.00,21.09,48.40,1008.33
20.00,21.82,56.68,1013.45
21.00,21.17,57.10,1009.28
22.00,20.50,45.71,1013.44
23.00,22.02,57.52,1010.88
24.00,22.60,53.48,1010.10
25.00,20.36,60.87,1012.94
26.00,21.87,62.80,1014.99
27.00,21.95,54.63,1012.25
28.00,22.51,50.06,1008.96
29.00,22.81,48.06,1011.72
30.00,22.65,61.71,1012.49
31.00,21.75,60.67,1014.64
32.00,21.88,68.67,1013.31
33.00,21.80,52.54,1014.31
34.00,21.61,57.02,1012.28
35.00,22.49,47.20,1013.07
36.00,22.36,59.63,1009.84
37.00,22.08,48.58,1008.78
38.00,21.05,48.35,1011.82
39.00,21.76,57.58,1018.70
40.00,23.40,53.01,1013.12
41.00,20.91,52.20,1012.82
42.00,21.41,48.61,1008.31
43.00,23.09,46.87,1009.60
44.00,23.56,55.38,1016.52
45.00,21.02,60.97,1011.28
46.00,22.10,49.45,1012.84
47.00,23.97,60.49,1009.89
48.00,22.46,58.61,1013.26
49.00,23.37,51.13,1012.13
50.00,23.15,55.30,1011.92
51.00,21.09,58.91,1015.00
52.00,21.97,60.85,1012.73
53.00,22.13,57.48,1012.50
54.00,22.61,51.25,1010.17
55.00,20.71,64.37,1013.61
56.00,20.87,58.23,1009.97
57.00,21.25,57.50,1010.43
58.00,21.25,64.95,1014.18
59.00,22.00,53.06,1015.50
60.00,21.37,49.88,1012.68
61.00,23.02,60.61,1010.30
62.00,22.77,67.70,1013.71
63.00,20.71,49.13,1009.09
64.00,21.22,58.69,1011.53
65.00,19.71,55.82,1013.28
66.00,21.92,55.17,1011.37
67.00,21.69,55.58,1012.33
68.00,21.16,61.21,1011.17
69.00,23.81,56.55,1014.40
70.00,22.20,44.79,1015.88
71.00,21.63,56.99,1011.62
72.00,21.61,55.56,1013.57
73.00,21.17,57.42,1012.59
74.00,20.63,56.51,1010.19
75.00,20.53,68.93,1018.02
76.00,24.07,63.98,1011.12
77.00,22.79,50.48,1011.61
78.00,20.72,60.99,1010.28
79.00,22.63,50.42,1014.86
80.00,20.84,54.78,1011.14
81.00,20.38,43.51,1015.60
82.00,21.32,63.74,1014.78
83.00,21.35,61.23,1012.25
84.00,21.89,52.97,1013.75
85.00,24.44,48.49,1015.61
86.00,21.40,46.89,1015.26
87.00,23.86,54.36,1012.05
88.00,22.65,58.94,1012.61
89.00,21.67,65.32,1012.23
90.00,22.80,45.70,1013.22
91.00,22.49,46.04,1010.71
92.00,21.94,53.41,1012.62
93.00,23.47,52.30,1012.71
94.00,23.60,66.60,1012.21
95.00,20.43,56.47,1011.89
96.00,23.82,62.22,1015.06
97.00,23.63,57.00,1012.13
98.00,22.34,48.84,1011.69
99.00,22.27,56.05,1010.53
100.00,20.49,59.74,1013.11
101.00,21.85,69.43,1012.22
102.00,22.56,48.73,1009.36
103.00,21.17,53.32,1013.20
104.00,20.93,51.46,1011.32
105.00,22.93,56.56,1012.84
106.00,20.78,56.17,1010.48
107.00,21.74,62.82,1009.69
108.00,22.29,58.63,1014.21
109.00,21.66,52.18,1013.01
110.00,21.21,52.84,1014.45
111.00,23.75,56.43,1013.37
112.00,20.98,50.19,1010.56
113.00,23.30,51.85,1012.03
114.00,22.59,39.00,1006.69
115.00,22.62,61.28,1012.34
116.00,21.66,57.32,1008.64
117.00,21.97,55.48,1012.29
118.00,21.46,49.81,1009.74
119.00,22.04,57.28,1012.46
120.00,21.09,57.51,1008.26
121.00,20.78,43.14,1013.56
122.00,22.36,50.43,1012.75
123.00,22.17,55.31,1010.65
124.00,22.17,57.95,1010.62
125.00,21.37,49.81,1011.65
126.00,22.48,57.50,1009.00
127.00,20.96,48.40,1011.30
128.00,22.62,52.63,1010.84
129.00,22.68,57.79,1013.99
130.00,21.88,60.28,1010.35
131.00,20.37,51.25,1012.35
132.00,23.88,65.18,1012.31
133.00,22.36,60.97,1015.23
134.00,25.54,57.85,1010.70
135.00,23.13,52.88,1016.15
136.00,22.08,58.04,1014.11
137.00,21.15,51.08,1010.59
138.00,21.59,53.11,1009.66
139.00,22.81,48.10,1013.23
140.00,24.33,47.92,1012.99
141.00,22.68,58.86,1013.00
142.00,22.31,61.83,1012.98
143.00,22.17,52.05,1012.76
144.00,21.64,61.87,1012.28
145.00,21.49,66.59,1011.25
146.00,22.90,45.79,1014.42
147.00,22.18,50.33,1010.15
148.00,21.41,59.15,1015.42
149.00,21.54,58.88,1011.44
150.00,20.89,48.34,1011.57
151.00,20.90,55.47,1013.18
152.00,21.46,57.95,1013.09
153.00,23.17,49.00,1010.11
154.00,22.32,56.80,1012.66
155.00,22.50,55.66,1012.83
156.00,22.65,58.95,1012.57
157.00,22.35,54.55,1010.16
158.00,23.01,57.17,1012.71
159.00,24.61,58.01,1013.01
160.00,21.94,56.36,1011.49
161.00,21.37,54.26,1015.36
162.00,19.70,55.63,1010.51
163.00,21.97,53.89,1010.39
164.00,21.40,58.07,1010.35
165.00,21.48,49.31,1014.63
166.00,22.79,53.21,1012.83
167.00,21.94,54.86,1011.08
168.00,21.99,58.17,1010.89
169.00,21.39,51.12,1014.46
170.00,21.03,54.72,1010.95
171.00,22.16,63.89,1009.41
172.00,20.99,47.78,1011.12
173.00,20.51,60.57,1011.35
174.00,21.19,57.47,1010.79
175.00,22.94,55.35,1013.55
176.00,21.30,54.58,1012.03
177.00,23.28,49.59,1015.95
178.00,19.64,53.25,1013.43
179.00,20.22,58.42,1012.08
180.00,22.36,51.36,1008.83
181.00,23.30,58.36,1013.78
182.00,21.78,56.27,1008.84
183.00,21.83,53.85,1011.99
184.00,23.00,54.21,1012.96
185.00,23.17,50.03,1012.96
186.00,22.02,61.47,1014.08
187.00,22.38,52.66,1006.89
188.00,21.14,66.48,1011.50
189.00,21.74,53.72,1011.54
190.00,22.73,61.28,1011.83
191.00,22.04,59.35,1014.21
192.00,20.83,55.26,1011.81
193.00,22.28,54.76,1011.62
194.00,22.12,58.02,1017.10
195.00,20.66,54.92,1011.56
196.00,22.59,58.96,1009.63
197.00,22.07,54.41,1016.75
198.00,22.65,60.63,1015.37
199.00,21.41,59.50,1013.87
200.00,21.64,61.60,1011.17
201.00,20.31,57.68,1012.18
202.00,23.48,47.80,1010.98
203.00,23.67,51.27,1014.17
204.00,21.89,52.97,1009.59
205.00,21.35,53.63,1013.84
206.00,22.67,53.13,1010.15
207.00,22.68,57.76,1016.00
208.00,21.37,43.80,1012.67
209.00,23.27,52.81,1012.66
210.00,22.17,45.94,1014.73
211.00,23.72,58.60,1009.04
212.00,21.70,59.01,1009.03
213.00,23.28,48.89,1013.72
214.00,21.38,58.04,1008.31
215.00,22.43,57.41,1015.20
216.00,19.23,53.48,1010.73
217.00,20.50,65.80,1010.10
218.00,21.64,49.73,1013.95
219.00,21.48,56.64,1011.38
220.00,22.69,56.51,1013.74
221.00,23.94,59.62,1011.62
222.00,21.92,54.43,1009.97
223.00,22.91,59.19,1011.99
224.00,20.79,53.40,1009.59
225.00,21.49,63.06,1012.46
226.00,21.22,51.21,1015.02
227.00,21.92,57.52,1011.58
228.00,24.16,50.84,1012.91
229.00,21.19,41.08,1012.47
230.00,23.28,56.79,1012.30
231.00,22.87,64.09,1011.42
232.00,21.79,46.67,1012.21
233.00,21.13,53.97,1011.13
234.00,21.55,58.35,1013.44
235.00,22.83,49.70,1012.51
236.00,23.05,51.12,1013.56
237.00,24.73,53.07,1011.66
238.00,21.29,44.24,1010.57
239.00,21.84,56.67,1006.99
240.00,21.86,48.18,1010.29
241.00,23.50,58.44,1013.39
242.00,25.13,51.95,1013.11
243.00,22.79,55.95,1011.80
244.00,23.12,46.15,1017.63
245.00,20.06,55.16,1012.27
246.00,22.18,51.18,1009.92
247.00,22.05,55.38,1011.51
248.00,22.22,56.34,1012.62
249.00,21.52,48.99,1009.38
250.00,22.48,58.60,1007.15
251.00,21.56,60.04,1008.49
252.00,21.37,49.89,1011.14
253.00,22.10,48.71,1008.49
254.00,23.68,54.94,1013.90
255.00,21.40,56.49,1014.70
256.00,21.09,49.03,1015.23
257.00,22.69,54.74,1011.46
258.00,22.12,59.75,1009.68
259.00,22.12,53.18,1012.54
260.00,21.68,61.00,1012.42
261.00,22.70,60.87,1014.78
262.00,22.55,63.10,1012.04
263.00,23.46,57.10,1013.06
264.00,20.91,46.23,1013.37
265.00,20.81,45.48,1014.62
266.00,21.91,55.97,1015.55
267.00,19.70,51.91,1012.05
268.00,22.98,52.33,1011.42
269.00,20.89,56.49,1014.75
270.00,20.67,52.31,1012.84
271.00,20.73,57.50,1010.29
272.00,21.62,51.71,1012.92
273.00,23.00,56.78,1011.09
274.00,21.50,59.17,1009.84
275.00,22.68,48.90,1012.70
276.00,22.56,53.96,1015.51
277.00,21.56,58.40,1014.47
278.00,21.16,46.61,1010.21
279.00,21.03,57.05,1011.01
280.00,22.45,61.66,1015.76
281.00,22.99,53.50,1014.17
282.00,23.27,61.46,1010.47
283.00,20.15,58.47,1011.34
284.00,21.08,46.41,1009.48
285.00,22.76,48.32,1014.06
286.00,21.62,49.05,1009.77
287.00,23.70,54.65,1012.40
288.00,22.48,53.41,1007.51
289.00,22.52,56.51,1009.56
290.00,22.57,50.04,1011.57
291.00,21.70,59.93,1013.46
292.00,21.13,57.06,1015.44
293.00,22.88,62.16,1014.41
294.00,22.17,45.84,1015.18
295.00,21.38,54.33,1014.86
296.00,22.23,57.91,1012.98
297.00,21.51,58.06,1009.98
298.00,23.20,46.40,1010.25
299.00,22.09,56.59,1014.14
300.00,20.91,52.17,1013.68
301.00,22.35,52.22,1009.73
302.00,21.99,41.38,1014.37
303.00,22.65,58.76,1011.01
304.00,22.66,51.43,1009.65
305.00,22.25,59.91,1012.22
306.00,21.74,49.88,1012.94
307.00,22.58,55.99,1009.75
308.00,21.66,49.58,1007.29
309.00,22.23,59.78,1011.02
310.00,21.86,53.42,1009.60
311.00,21.46,51.02,1012.85
312.00,21.84,49.58,1012.49
313.00,21.50,64.60,1010.15
314.00,23.34,51.53,1015.76
315.00,22.26,51.45,1013.54
316.00,22.96,59.68,1009.74
317.00,20.89,55.10,1010.91
318.00,22.38,53.80,1010.27
319.00,22.70,57.62,1013.74
320.00,21.42,52.26,1012.65
321.00,23.83,54.64,1010.11
322.00,21.98,42.55,1011.61
323.00,22.97,56.35,1011.74
324.00,21.12,48.79,1010.61
325.00,21.58,58.85,1011.19
326.00,20.74,54.48,1011.21
327.00,20.61,62.80,1012.30
328.00,21.28,53.92,1013.58
329.00,19.82,61.83,1013.51
330.00,22.34,63.17,1013.66
331.00,22.81,56.65,1012.72
332.00,23.56,51.00,1011.44
333.00,22.91,56.21,1008.47
334.00,22.89,63.15,1011.95
335.00,23.21,62.05,1010.73
336.00,22.89,57.07,1010.91
337.00,23.48,52.92,1009.52
338.00,21.97,58.44,1011.39
339.00,22.77,53.08,1009.80
340.00,23.20,59.74,1012.11
341.00,21.87,55.28,1014.63
342.00,20.96,53.68,1011.02
343.00,19.99,46.91,1011.64
344.00,22.51,56.46,1011.79
345.00,23.43,57.82,1012.77
346.00,20.60,50.81,1009.94
347.00,21.17,55.22,1014.49
348.00,21.44,55.17,1012.97
349.00,23.14,49.35,1013.39
350.00,23.69,56.45,1013.66
351.00,24.01,59.24,1015.85
352.00,21.90,58.76,1011.46
353.00,22.89,49.49,1013.15
354.00,23.09,58.72,1011.56
355.00,21.63,56.10,1010.08
356.00,22.04,58.33,1013.07
357.00,22.88,54.87,1012.93
358.00,22.03,54.73,1013.65
359.00,21.98,57.90,1011.44
360.00,22.13,48.37,1013.41
361.00,19.78,59.31,1009.75
362.00,20.31,44.42,1016.41
363.00,20.57,56.28,1012.24
364.00,24.11,59.63,1013.26
365.00,23.53,49.65,1015.43
366.00,22.54,53.90,1011.55
367.00,21.06,54.05,1013.30
368.00,20.30,55.30,1010.79
369.00,19.95,53.07,1012.85
370.00,22.86,60.15,1014.20
371.00,21.37,45.62,1014.84
372.00,20.95,51.71,1010.26
373.00,23.01,60.24,1009.49
374.00,22.92,60.27,1013.44
375.00,22.97,51.71,1010.83
376.00,22.45,56.01,1012.73
377.00,20.79,52.13,1015.63
378.00,20.16,50.06,1018.06
379.00,22.61,52.73,1009.35
380.00,23.25,55.65,1011.39
381.00,20.88,56.61,1012.19
382.00,22.43,54.14,1011.37
383.00,21.73,56.76,1011.25
384.00,22.06,61.85,1009.66
385.00,21.09,60.76,1010.01
386.00,22.05,55.71,1012.63
387.00,21.35,45.88,1013.17
388.00,23.30,53.83,1009.86
389.00,20.83,56.01,1012.30
390.00,20.17,55.99,1013.00
391.00,22.04,55.58,1009.96
392.00,21.72,57.01,1012.95
393.00,22.15,53.17,1011.33
394.00,22.53,65.43,1012.52
395.00,21.55,59.97,1010.27
396.00,22.26,45.73,1011.57
397.00,22.94,54.77,1014.20
398.00,21.67,52.72,1008.68
399.00,22.52,56.02,1011.08
400.00,21.25,65.59,1008.69
401.00,23.30,57.64,1012.67
402.00,23.04,62.78,1014.41
403.00,22.21,52.49,1012.21
404.00,22.95,62.53,1009.57
405.00,22.59,55.43,1014.57
406.00,21.71,52.04,1010.12
407.00,22.13,57.42,1008.22
408.00,22.72,51.35,1009.41
409.00,21.89,53.57,1012.44
410.00,23.06,59.51,1011.25
411.00,22.28,52.74,1011.95
412.00,20.48,50.88,1010.40
413.00,21.62,46.69,1013.17
414.00,22.49,58.05,1013.29
415.00,22.65,64.90,1013.11
416.00,22.32,52.64,1011.30
417.00,23.11,56.24,1011.24
418.00,22.52,55.01,1012.01
419.00,23.05,41.57,1011.27
420.00,21.47,50.14,1011.94
421.00,21.97,50.15,1011.18
422.00,20.58,50.26,1011.01
423.00,23.99,55.45,1014.13
424.00,22.55,44.68,1010.44
425.00,23.44,56.30,1008.50
426.00,20.67,47.90,1014.81
427.00,21.48,53.53,1012.55
428.00,20.75,56.78,1013.71
429.00,21.50,52.89,1011.88
430.00,21.83,57.73,1010.36
431.00,22.82,59.87,1008.52
432.00,20.61,55.87,1009.04
433.00,21.08,58.75,1012.43
434.00,21.57,56.58,1014.48
435.00,23.34,56.19,1009.89
436.00,22.93,49.05,1012.72
437.00,21.60,46.60,1012.93
438.00,21.14,60.51,1011.58
439.00,22.23,53.16,1013.59
440.00,20.83,58.50,1012.39
441.00,22.02,58.48,1013.90
442.00,22.42,55.18,1007.92
443.00,22.12,62.45,1009.87
444.00,21.60,56.21,1014.33
445.00,22.06,60.07,1015.33
446.00,22.14,50.30,1012.25
447.00,22.90,54.36,1013.80
448.00,23.71,58.18,1012.74
449.00,20.54,49.43,1015.06
450.00,20.80,64.59,1013.36
451.00,20.94,59.83,1013.08
452.00,21.10,48.70,1012.29
453.00,22.63,51.12,1009.97
454.00,20.79,49.09,1009.76
455.00,22.32,49.19,1011.65
456.00,21.71,50.69,1009.62
457.00,22.06,56.86,1013.46
458.00,22.57,49.99,1012.81
459.00,21.84,56.69,1011.66
460.00,21.16,56.73,1017.84
461.00,22.64,53.84,1012.23
462.00,22.63,49.84,1010.40
463.00,23.61,61.49,1014.22
464.00,24.09,60.70,1012.29
465.00,23.76,51.27,1011.68
466.00,22.03,64.14,1012.97
467.00,19.18,56.75,1012.59
468.00,19.47,57.04,1011.62
469.00,21.26,46.23,1011.91
470.00,22.99,56.79,1015.54
471.00,21.69,67.07,1012.73
472.00,20.10,44.23,1014.19
473.00,21.34,45.08,1009.90
474.00,21.54,54.72,1008.77
475.00,21.02,56.80,1010.49
476.00,21.33,59.90,1007.47
477.00,20.36,61.41,1009.71
478.00,20.32,56.36,1012.25
479.00,21.39,62.75,1008.02
480.00,21.95,67.87,1014.30
481.00,23.00,55.97,1008.13
482.00,21.64,58.64,1011.47
483.00,21.31,47.71,1009.57
484.00,22.92,52.85,1011.34
485.00,22.89,52.46,1014.15
486.00,22.01,58.56,1013.46
487.00,21.10,55.34,1011.59
488.00,23.21,53.67,1012.13
489.00,22.59,56.08,1010.19
490.00,22.81,50.30,1013.47
491.00,23.16,51.61,1010.14
492.00,23.37,57.94,1011.53
493.00,22.91,52.02,1009.96
494.00,22.55,67.34,1011.53
495.00,21.90,52.97,1006.70
496.00,20.93,65.17,1010.43
497.00,20.77,54.58,1014.22
498.00,21.89,47.08,1012.00
499.00,22.53,50.94,1012.13
500.00,21.50,55.27,1013.10
501.00,23.27,53.80,1014.24
502.00,22.63,56.36,1014.35
503.00,22.95,58.39,1009.45
504.00,22.27,62.49,1009.49
505.00,22.52,59.18,1011.52
506.00,20.33,55.78,1015.84
507.00,21.98,46.46,1011.91
508.00,23.71,59.36,1012.49
509.00,23.02,53.99,1011.50
510.00,21.13,50.50,1010.54
511.00,22.04,55.66,1013.97
512.00,22.32,52.32,1014.04
513.00,20.58,51.51,1016.77
514.00,21.80,49.02,1008.65
515.00,21.36,58.60,1009.79
516.00,20.25,52.71,1012.63
517.00,22.91,54.53,1013.69
518.00,22.71,51.36,1011.36
519.00,22.88,57.05,1009.74
520.00,23.72,61.42,1010.81
521.00,21.81,57.48,1014.73
522.00,22.28,51.86,1012.57
523.00,22.72,53.22,1011.13
524.00,21.45,55.42,1013.83
525.00,22.50,56.39,1014.95
526.00,21.82,47.86,1011.62
527.00,23.21,53.29,1010.98
528.00,19.14,51.42,1012.75
529.00,19.51,54.82,1010.38
530.00,23.81,64.23,1012.93
531.00,20.23,58.43,1011.66
532.00,22.13,58.99,1015.42
533.00,21.08,60.21,1014.42
534.00,21.08,49.93,1012.93
535.00,21.73,51.26,1012.14
536.00,20.63,50.08,1012.75
537.00,21.86,61.03,1011.59
538.00,20.52,58.50,1012.89
539.00,22.57,57.87,1009.17
540.00,22.42,50.27,1013.44
541.00,21.52,45.61,1012.58
542.00,20.76,53.86,1015.60
543.00,20.96,51.54,1010.39
544.00,22.39,61.33,1012.87
545.00,22.18,51.55,1014.84
546.00,21.45,56.27,1009.09
547.00,22.83,53.84,1009.20
548.00,23.27,52.50,1015.80
549.00,21.23,55.93,1009.29
550.00,23.70,52.25,1011.82
551.00,22.61,60.74,1012.99
552.00,20.98,54.47,1010.96
553.00,22.97,54.46,1010.18
554.00,21.96,58.63,1012.49
555.00,22.38,56.95,1011.89
556.00,22.44,48.33,1013.40
557.00,22.08,52.50,1011.13
558.00,22.97,51.91,1013.18
559.00,20.89,54.70,1011.52
560.00,21.24,62.95,1011.81
561.00,23.85,53.62,1009.50
562.00,22.44,54.35,1015.29
563.00,22.94,51.68,1013.42
564.00,21.28,52.34,1012.70
565.00,21.82,48.48,1010.24
566.00,21.09,55.15,1014.78
567.00,22.49,51.60,1014.60
568.00,20.63,53.05,1008.40
569.00,20.58,53.13,1013.14
570.00,21.17,54.99,1010.11
571.00,22.53,47.48,1013.59
572.00,23.41,52.20,1013.33
573.00,22.23,54.36,1013.81
574.00,24.38,48.29,1012.41
575.00,21.25,53.46,1012.13
576.00,22.25,54.78,1013.27
577.00,21.81,59.67,1010.73
578.00,22.20,55.36,1016.77
579.00,22.16,58.91,1009.31
580.00,20.46,63.84,1015.83
581.00,21.19,52.25,1009.82
582.00,22.14,50.46,1010.57
583.00,22.17,57.30,1009.97
584.00,22.86,54.89,1011.63
585.00,22.31,48.66,1015.15
586.00,21.71,56.72,1011.40
587.00,22.44,63.89,1009.69
588.00,20.07,59.43,1012.92
589.00,22.47,50.87,1013.13
590.00,20.47,61.77,1014.68
591.00,21.82,44.43,1014.36
592.00,22.99,54.08,1010.65
593.00,21.56,54.08,1009.86
594.00,21.96,60.54,1014.51
595.00,24.90,60.18,1008.63
596.00,20.89,56.76,1011.83
597.00,21.43,57.32,1011.80
598.00,22.77,58.19,1014.13
599.00,22.51,52.92,1012.16
600.00,21.41,48.79,1012.46
601.00,20.79,57.28,1014.64
602.00,22.90,55.30,1009.74
603.00,21.25,54.26,1012.50
604.00,21.87,49.42,1013.30
605.00,23.89,50.37,1008.48
606.00,22.10,64.83,1011.06
607.00,21.42,62.40,1013.68
608.00,21.03,48.70,1013.85
609.00,23.25,58.87,1009.85
610.00,22.83,58.57,1013.57
611.00,22.66,51.61,1012.31
612.00,23.49,60.50,1010.91
613.00,21.92,50.37,1009.98
614.00,21.80,53.07,1013.41
615.00,22.20,58.98,1010.83
616.00,21.75,51.88,1008.39
617.00,22.20,56.23,1013.37
618.00,21.47,57.14,1012.70
619.00,21.39,52.49,1013.22
620.00,22.05,61.90,1012.45
621.00,22.27,52.74,1013.06
622.00,21.99,51.98,1010.38
623.00,20.38,63.47,1009.98
624.00,23.85,50.53,1012.11
625.00,22.74,57.61,1012.82
626.00,22.00,56.90,1011.74
627.00,21.00,42.58,1011.68
628.00,21.33,54.48,1010.61
629.00,21.36,58.29,1014.09
630.00,21.85,55.85,1011.08
631.00,22.29,52.22,1008.38
632.00,22.76,42.37,1009.84
633.00,21.06,53.12,1011.27
634.00,24.42,64.07,1014.32
635.00,20.18,55.55,1011.64
636.00,20.82,46.86,1013.35
637.00,23.17,49.62,1011.61
638.00,20.87,62.60,1012.21
639.00,23.83,56.03,1012.17
640.00,21.40,53.55,1012.63
641.00,22.73,48.41,1011.87
642.00,21.78,55.77,1012.19
643.00,22.05,53.93,1009.37
644.00,21.30,57.25,1011.61
645.00,23.86,52.94,1011.29
646.00,22.63,60.96,1011.67
647.00,21.88,53.22,1012.33
648.00,20.91,53.20,1008.62
649.00,22.34,49.40,1012.00
650.00,21.19,54.32,1010.26
651.00,20.82,55.16,1013.16
652.00,23.23,48.90,1010.49
653.00,20.50,58.85,1012.37
654.00,22.42,58.09,1012.34
655.00,20.31,52.18,1012.34
656.00,22.05,51.50,1011.55
657.00,21.59,62.37,1011.94
658.00,22.82,49.72,1014.26
659.00,21.63,54.63,1012.20
660.00,23.18,52.74,1013.65
661.00,20.15,62.49,1011.41
662.00,22.37,52.23,1013.06
663.00,22.60,48.75,1012.04
664.00,23.09,54.39,1011.63
665.00,21.82,62.94,1009.25
666.00,22.17,59.13,1011.67
667.00,22.43,52.76,1012.07
668.00,21.88,51.04,1014.04
669.00,22.38,60.06,1012.43
670.00,21.10,55.36,1012.28
671.00,23.18,51.93,1014.67
672.00,21.40,56.85,1009.30
673.00,20.16,54.53,1012.64
674.00,23.41,53.72,1010.39
675.00,22.20,47.97,1014.54
676.00,22.11,58.32,1012.99
677.00,21.76,48.79,1009.85
678.00,23.17,60.35,1013.27
679.00,22.39,53.51,1010.72
680.00,23.77,67.01,1009.86
681.00,22.19,51.68,1011.83
682.00,21.74,50.14,1009.85
683.00,22.01,64.09,1014.07
684.00,23.61,49.75,1010.77
685.00,20.19,60.20,1014.59
686.00,23.91,65.78,1013.67
687.00,21.66,54.85,1011.93
688.00,23.10,47.58,1013.63
689.00,21.34,54.50,1013.96
690.00,20.64,61.80,1011.66
691.00,22.12,60.50,1014.01
692.00,22.41,61.37,1008.67
693.00,22.82,56.44,1011.65
694.00,20.69,48.23,1011.76
695.00,23.69,52.76,1011.60
696.00,20.13,45.53,1008.16
697.00,21.85,49.11,1011.27
698.00,20.87,46.81,1010.03
699.00,22.45,50.07,1016.48
700.00,20.30,52.96,1011.69
701.00,20.58,47.63,1014.15
702.00,21.40,60.82,1010.13
703.00,22.07,61.10,1010.72
704.00,22.28,60.00,1013.82
705.00,24.61,55.52,1012.02
706.00,20.41,54.54,1010.96
707.00,22.97,58.33,1014.04
708.00,21.39,53.68,1009.10
709.00,23.43,61.65,1011.53
710.00,21.45,48.36,1014.22
711.00,23.88,51.48,1010.28
712.00,21.13,67.32,1014.35
713.00,21.95,60.45,1010.07
714.00,20.60,56.76,1009.31
715.00,24.11,51.12,1010.20
716.00,20.87,53.39,1011.38
717.00,23.13,49.21,1014.79
718.00,22.78,61.24,1010.72
719.00,22.06,57.64,1012.97
720.00,21.52,45.90,1013.08
721.00,21.80,59.83,1012.06
722.00,23.81,52.87,1014.49
723.00,21.95,56.42,1008.31
724.00,21.75,54.08,1010.69
725.00,21.17,56.88,1012.15
726.00,22.53,58.45,1013.56
727.00,22.52,52.98,1012.54
728.00,22.90,51.85,1008.24
729.00,22.13,59.56,1013.20
730.00,21.67,62.02,1014.56
731.00,22.39,57.66,1011.50
732.00,21.77,45.07,1013.55
733.00,21.79,52.85,1011.99
734.00,21.77,56.05,1013.04
735.00,24.44,57.79,1012.40
736.00,22.73,60.43,1012.16
737.00,23.36,55.98,1010.26
738.00,24.10,49.46,1009.75
739.00,22.69,51.88,1012.34
740.00,21.43,60.63,1009.31
741.00,23.57,49.16,1015.03
742.00,20.02,53.68,1012.18
743.00,21.46,59.73,1011.20
744.00,22.40,61.91,1014.80
745.00,22.93,55.08,1011.98
746.00,23.16,64.08,1013.53
747.00,21.83,51.48,1013.34
748.00,23.91,58.66,1012.47
749.00,24.62,46.62,1013.19
750.00,22.57,54.31,1012.44
751.00,22.35,53.25,1009.67
752.00,22.01,52.83,1014.86
753.00,24.67,57.31,1010.03
754.00,21.66,48.16,1012.90
755.00,21.61,54.00,1011.95
756.00,23.27,56.57,1010.43
757.00,21.12,54.80,1011.00
758.00,23.15,59.12,1010.69
759.00,22.09,67.32,1012.07
760.00,23.65,61.10,1011.58
761.00,19.68,49.22,1013.37
762.00,24.01,55.78,1008.80
763.00,22.48,60.44,1012.12
764.00,20.71,49.10,1011.71
765.00,20.84,45.79,1009.56
766.00,20.49,39.57,1010.65
767.00,22.61,64.28,1008.50
768.00,21.39,51.25,1015.71
769.00,24.17,57.89,1012.70
770.00,23.33,50.05,1012.33
771.00,20.80,60.86,1010.79
772.00,23.26,53.60,1012.99
773.00,22.81,57.27,1009.85
774.00,22.25,52.54,1014.34
775.00,22.19,68.71,1012.31
776.00,20.46,61.75,1011.56
777.00,23.41,58.22,1015.15
778.00,22.05,51.55,1013.38
779.00,21.63,54.75,1012.77
780.00,19.85,41.18,1012.12
781.00,22.55,54.68,1011.14
782.00,22.61,60.71,1006.92
783.00,23.93,58.29,1012.57
784.00,19.00,52.03,1012.99
785.00,21.81,59.17,1013.88
786.00,20.55,54.28,1009.20
787.00,22.39,58.28,1012.43
788.00,21.27,54.86,1013.81
789.00,23.67,58.97,1010.40
790.00,20.80,52.65,1009.70
791.00,20.95,55.68,1013.60
792.00,21.11,57.94,1015.16
793.00,20.99,59.20,1012.02
794.00,21.84,52.95,1011.87
795.00,21.14,58.08,1012.61
796.00,21.46,49.67,1008.43
797.00,20.15,64.91,1011.15
798.00,23.42,48.49,1010.93
799.00,22.40,55.43,1013.50
800.00,22.99,61.67,1012.19
801.00,21.32,50.50,1008.39
802.00,22.77,63.49,1014.22
803.00,22.55,62.29,1009.40
804.00,20.91,62.29,1014.06
805.00,23.90,48.88,1010.97
806.00,20.69,46.63,1015.37
807.00,20.33,45.36,1014.96
808.00,19.39,52.51,1016.10
809.00,22.85,49.20,1013.99
810.00,22.79,51.52,1013.55
811.00,23.16,49.19,1011.15
812.00,21.81,47.18,1015.23
813.00,20.07,57.74,1011.11
814.00,20.40,54.60,1013.51
815.00,22.61,59.76,1011.38
816.00,22.69,51.90,1011.81
817.00,23.25,51.00,1012.57
818.00,21.29,49.17,1015.53
819.00,22.68,42.49,1014.76
820.00,21.97,56.43,1010.66
821.00,22.50,58.37,1010.34
822.00,22.48,57.56,1014.44
823.00,21.46,51.45,1010.16
824.00,21.41,51.66,1012.60
825.00,21.04,54.72,1010.36
826.00,22.84,66.78,1012.00
827.00,23.80,44.89,1012.44
828.00,21.36,57.61,1012.09
829.00,21.19,57.92,1010.21
830.00,22.17,56.42,1013.94
831.00,22.95,55.50,1010.68
832.00,22.49,54.86,1012.64
833.00,23.47,56.20,1013.38
834.00,22.06,51.63,1012.97
835.00,20.53,56.01,1011.65
836.00,22.51,54.58,1012.51
837.00,21.07,49.81,1010.55
838.00,23.09,55.36,1012.48
839.00,21.31,52.92,1011.93
840.00,22.31,62.48,1011.94
841.00,23.42,55.10,1008.59
842.00,23.10,56.40,1013.05
843.00,22.81,56.43,1012.82
844.00,21.40,49.09,1009.98
845.00,21.70,51.94,1013.93
846.00,23.35,47.91,1009.61
847.00,22.50,59.60,1011.23
848.00,22.51,58.64,1011.94
849.00,20.64,49.41,1013.03
850.00,22.39,53.41,1014.46
851.00,22.65,55.38,1011.20
852.00,22.73,55.79,1012.91
853.00,22.82,44.55,1013.85
854.00,21.39,53.19,1007.04
855.00,20.48,54.12,1011.38
856.00,20.27,59.08,1013.16
857.00,22.90,49.96,1009.71
858.00,19.83,51.03,1012.29
859.00,22.75,60.36,1011.33
860.00,20.99,61.94,1014.36
861.00,21.80,60.32,1015.35
862.00,22.02,51.97,1014.91
863.00,22.18,50.68,1012.11
864.00,23.51,57.76,1010.30
865.00,23.28,55.21,1013.68
866.00,23.10,54.30,1013.33
867.00,23.91,49.38,1015.42
868.00,19.85,51.04,1014.33
869.00,21.52,56.66,1011.75
870.00,22.50,52.24,1011.39
871.00,24.72,51.14,1010.85
872.00,21.93,59.03,1011.86
873.00,21.59,54.23,1009.46
874.00,22.45,49.36,1011.50
875.00,21.27,58.71,1014.34
876.00,23.25,56.31,1011.95
877.00,20.95,52.48,1008.34
878.00,23.45,59.86,1011.90
879.00,21.96,54.54,1011.34
880.00,22.23,59.64,1007.66
881.00,21.98,56.19,1013.99
882.00,22.67,56.45,1009.77
883.00,22.90,59.78,1012.81
884.00,24.38,50.12,1014.05
885.00,22.07,52.39,1013.49
886.00,22.93,55.93,1014.79
887.00,24.19,55.96,1008.30
888.00,22.44,49.80,1014.28
889.00,20.63,50.47,1007.92
890.00,22.25,48.26,1012.08
891.00,21.04,53.66,1013.88
892.00,20.38,56.51,1011.71
893.00,22.12,65.95,1010.43
894.00,19.75,53.05,1011.72
895.00,22.89,52.17,1014.54
896.00,20.15,41.99,1011.21
897.00,19.04,52.44,1013.29
898.00,23.34,48.45,1008.91
899.00,24.38,54.45,1013.49
900.00,22.26,50.13,1014.56
901.00,22.96,58.37,1012.46
902.00,21.17,54.61,1010.61
903.00,22.63,60.67,1012.12
904.00,22.82,46.74,1012.69
905.00,22.23,51.20,1012.45
906.00,22.40,51.70,1010.01
907.00,23.39,50.65,1012.59
908.00,20.74,55.26,1011.99
909.00,22.17,50.57,1012.86
910.00,19.71,49.20,1011.04
911.00,22.57,60.97,1011.22
912.00,24.46,51.20,1007.36
913.00,21.97,64.46,1013.41
914.00,22.64,46.26,1014.53
915.00,22.34,67.48,1011.74
916.00,21.72,65.23,1011.49
917.00,20.82,47.93,1015.49
918.00,20.33,49.57,1010.84
919.00,21.32,56.16,1012.24
920.00,22.02,52.96,1009.78
921.00,23.22,51.97,1010.14
922.00,23.69,58.57,1015.80
923.00,22.81,59.91,1010.48
924.00,22.49,56.73,1012.44
925.00,21.62,47.31,1014.20
926.00,22.61,42.52,1010.73
927.00,21.33,54.77,1016.89
928.00,20.41,53.19,1010.86
929.00,20.61,42.30,1008.95
930.00,21.52,58.54,1010.03
931.00,21.49,51.66,1013.16
932.00,20.43,52.59,1008.68
933.00,22.18,51.63,1013.13
934.00,22.17,49.14,1014.39
935.00,22.97,52.29,1011.07
936.00,22.15,62.76,1009.72
937.00,23.50,50.21,1012.55
938.00,21.78,60.37,1011.94
939.00,21.29,57.59,1014.37
940.00,20.82,59.55,1011.78
941.00,20.33,51.03,1013.48
942.00,22.06,55.69,1006.81
943.00,22.51,51.81,1013.58
944.00,22.57,56.47,1008.79
945.00,21.22,50.23,1012.88
946.00,21.27,61.67,1010.39
947.00,21.99,58.82,1011.21
948.00,22.99,48.87,1013.93
949.00,23.03,54.51,1014.57
950.00,20.30,53.83,1012.70
951.00,22.28,56.20,1012.54
952.00,22.02,61.49,1012.11
953.00,20.23,55.21,1013.07
954.00,21.70,50.88,1013.50
955.00,23.27,52.83,1013.40
956.00,21.97,49.62,1010.40
957.00,23.02,55.15,1008.96
958.00,21.80,61.23,1011.75
959.00,21.52,49.67,1007.96
960.00,22.30,55.00,1011.69
961.00,22.84,51.95,1013.88
962.00,20.75,60.56,1011.80
963.00,21.84,51.04,1007.84
964.00,23.66,57.73,1009.41
965.00,22.37,54.60,1010.88
966.00,22.13,50.92,1011.20
967.00,21.79,48.26,1013.07
968.00,21.43,62.92,1012.38
969.00,21.67,52.21,1012.64
970.00,23.20,53.31,1013.76
971.00,22.44,49.84,1008.96
972.00,21.74,45.95,1011.60
973.00,23.09,56.16,1014.41
974.00,21.76,43.79,1012.31
975.00,20.69,63.16,1014.76
976.00,23.83,62.12,1014.73
977.00,20.38,49.64,1009.44
978.00,20.51,56.93,1010.26
979.00,22.04,56.21,1014.84
980.00,23.01,59.88,1008.59
981.00,23.49,59.69,1011.27
982.00,22.25,49.91,1016.05
983.00,25.02,53.11,1014.57
984.00,22.22,51.63,1012.64
985.00,20.89,47.13,1010.83
986.00,22.14,59.29,1013.38
987.00,22.06,51.45,1015.72
988.00,20.75,56.53,1017.77
989.00,22.75,49.92,1014.63
990.00,22.51,54.08,1009.28
991.00,23.04,63.59,1015.95
992.00,21.19,54.54,1016.14
993.00,20.87,56.25,1008.32
994.00,22.99,60.03,1014.14
995.00,19.53,49.05,1008.85
996.00,21.84,57.07,1012.32
997.00,21.40,48.88,1008.91
998.00,23.14,52.37,1011.27
999.00,20.67,54.95,1014.80
1000.00,21.53,51.20,1009.24
1001.00,23.01,52.34,1010.45
1002.00,21.27,62.18,1011.46
1003.00,21.11,49.46,1015.84
1004.00,24.50,63.62,1015.90
1005.00,22.52,62.41,1013.88
1006.00,22.07,61.23,1009.68
1007.00,20.27,51.35,1013.32
1008.00,20.88,45.11,1010.85
1009.00,23.10,62.59,1006.96
1010.00,22.06,49.12,1007.57
1011.00,22.27,51.17,1013.82
1012.00,21.05,60.50,1015.00
1013.00,22.95,52.14,1014.02
1014.00,22.08,40.95,1011.41
1015.00,22.49,52.47,1011.74
1016.00,20.36,45.54,1011.80
1017.00,20.33,55.38,1013.93
1018.00,21.42,47.93,1008.01
1019.00,24.12,61.99,1015.67
1020.00,21.82,54.67,1011.07
1021.00,22.61,56.33,1013.18
1022.00,20.96,54.25,1011.65
1023.00,21.58,52.32,1011.49
1024.00,20.41,50.65,1009.31
1025.00,22.75,62.36,1013.23
1026.00,20.48,57.12,1009.26
1027.00,22.87,58.06,1008.98
1028.00,24.21,43.85,1015.00
1029.00,21.85,54.37,1013.55
1030.00,21.72,60.94,1009.61
1031.00,21.79,52.67,1013.74
1032.00,20.92,59.55,1010.39
1033.00,22.79,53.41,1013.90
1034.00,22.40,57.62,1012.17
1035.00,24.09,51.47,1010.42
1036.00,23.05,51.91,1014.74
1037.00,21.83,55.08,1011.24
1038.00,22.25,51.66,1011.51
1039.00,20.52,58.56,1011.13
1040.00,23.47,51.94,1011.71
1041.00,24.11,53.30,1010.44
1042.00,22.32,54.20,1013.24
1043.00,21.96,65.92,1013.40
1044.00,22.10,49.08,1012.49
1045.00,20.83,58.82,1015.37
1046.00,22.10,59.81,1015.56
1047.00,22.09,57.75,1012.06
1048.00,21.72,51.98,1012.76
1049.00,23.09,48.44,1015.94
1050.00,22.27,46.52,1012.93
1051.00,21.48,59.23,1011.45
1052.00,21.87,54.83,1011.25
1053.00,22.23,62.58,1014.76
1054.00,22.22,67.65,1011.38
1055.00,21.17,57.60,1008.99
1056.00,20.54,44.66,1010.30
1057.00,20.71,59.20,1012.57
1058.00,23.49,62.39,1013.13
1059.00,20.47,54.87,1010.88
1060.00,21.76,52.09,1013.72
1061.00,20.25,53.37,1010.85
1062.00,23.28,55.77,1011.89
1063.00,20.26,59.91,1011.01
1064.00,21.86,54.50,1012.77
1065.00,22.48,54.87,1013.45
1066.00,22.88,48.61,1013.68
1067.00,20.68,43.17,1013.77
1068.00,23.57,55.21,1013.11
1069.00,21.22,59.85,1014.94
1070.00,22.09,61.70,1010.83
1071.00,22.71,52.84,1012.52
1072.00,22.18,51.33,1012.04
1073.00,21.65,59.47,1012.34
1074.00,21.86,58.18,1009.86
1075.00,23.11,58.36,1009.60
1076.00,23.78,55.34,1010.65
1077.00,21.17,64.11,1010.38
1078.00,22.94,62.73,1011.19
1079.00,21.71,55.82,1013.83
1080.00,21.08,58.71,1009.47
1081.00,20.42,58.74,1012.37
1082.00,20.99,51.65,1011.84
1083.00,22.38,53.83,1012.28
1084.00,22.77,60.59,1013.50
1085.00,21.62,47.30,1010.63
1086.00,22.14,57.18,1010.85
1087.00,22.04,56.82,1012.84
1088.00,21.22,55.36,1010.07
1089.00,21.65,61.48,1008.15
1090.00,20.97,59.72,1015.32
1091.00,22.61,56.09,1010.03
1092.00,21.39,47.67,1013.22
1093.00,21.30,51.66,1011.97
1094.00,21.35,54.06,1012.22
1095.00,23.86,57.33,1006.37
1096.00,22.29,58.55,1011.80
1097.00,24.18,53.09,1010.87
1098.00,22.26,51.66,1015.28
1099.00,20.49,53.33,1011.31
1100.00,22.48,56.31,1015.49
1101.00,21.94,40.63,1014.42
1102.00,21.54,53.18,1012.77
1103.00,20.10,50.31,1013.68
1104.00,21.45,53.16,1011.60
1105.00,21.66,49.98,1008.12
1106.00,22.55,56.04,1012.91
1107.00,21.28,52.59,1017.32
1108.00,22.78,56.10,1011.89
1109.00,22.62,58.78,1010.90
1110.00,21.95,47.63,1011.87
1111.00,20.72,53.58,1009.98
1112.00,20.89,59.23,1009.53
1113.00,23.84,61.75,1010.08
1114.00,21.63,61.63,1012.68
1115.00,21.41,50.27,1010.18
1116.00,21.80,56.65,1014.23
1117.00,21.17,53.28,1007.40
1118.00,22.04,58.23,1012.09
1119.00,24.19,45.85,1015.54
1120.00,20.88,51.86,1014.07
1121.00,21.94,50.51,1011.92
1122.00,21.19,62.10,1013.41
1123.00,23.17,58.04,1011.10
1124.00,22.26,60.57,1012.42
1125.00,18.99,61.76,1010.73
1126.00,22.76,57.45,1013.05
1127.00,21.52,48.82,1014.44
1128.00,22.82,52.74,1012.99
1129.00,19.94,52.66,1013.87
1130.00,21.66,40.64,1009.54
1131.00,21.27,64.34,1009.48
1132.00,23.49,52.07,1011.57
1133.00,21.67,57.65,1011.38
1134.00,22.13,60.10,1012.06
1135.00,22.27,56.20,1010.79
1136.00,22.67,50.98,1014.50
1137.00,20.97,49.14,1013.21
1138.00,21.06,50.68,1012.99
1139.00,21.33,60.24,1013.70
1140.00,23.63,57.14,1009.61
1141.00,20.72,62.12,1009.36
1142.00,21.70,55.25,1015.48
1143.00,21.41,48.30,1007.07
1144.00,21.70,46.51,1011.16
1145.00,21.37,44.94,1012.21
1146.00,22.09,54.58,1011.99
1147.00,23.59,56.37,1010.03
1148.00,21.98,49.00,1012.60
1149.00,21.22,53.02,1014.35
1150.00,22.02,48.13,1009.96
1151.00,21.89,57.96,1014.12
1152.00,23.00,53.48,1014.34
1153.00,22.02,55.65,1014.45
1154.00,22.31,55.91,1011.43
1155.00,22.13,50.13,1010.69
1156.00,24.31,52.15,1011.49
1157.00,23.26,56.51,1007.91
1158.00,21.94,53.38,1010.23
1159.00,20.16,49.43,1013.58
1160.00,21.77,52.38,1012.84
1161.00,22.73,56.38,1013.82
1162.00,20.50,56.98,1015.22
1163.00,22.66,60.35,1011.38
1164.00,23.50,53.94,1014.78
1165.00,19.24,55.38,1012.02
1166.00,23.92,47.35,1009.37
1167.00,22.85,58.42,1012.61
1168.00,20.39,62.74,1011.98
1169.00,21.78,48.79,1012.10
1170.00,22.07,48.81,1011.31
1171.00,20.69,57.67,1011.60
1172.00,20.35,45.52,1013.18
1173.00,22.07,62.43,1012.49
1174.00,21.84,57.21,1011.67
1175.00,21.09,52.86,1010.88
1176.00,19.68,56.06,1013.50
1177.00,22.09,63.92,1011.69
1178.00,20.61,49.28,1011.60
1179.00,21.11,53.98,1010.54
1180.00,20.56,50.44,1013.94
1181.00,22.79,57.43,1010.42
1182.00,21.26,51.77,1008.78
1183.00,23.30,54.43,1012.01
1184.00,21.70,57.38,1013.94
1185.00,22.27,56.76,1013.46
1186.00,22.16,56.87,1011.52
1187.00,22.38,47.31,1013.31
1188.00,19.70,51.15,1012.51
1189.00,22.38,53.66,1012.62
1190.00,23.25,60.66,1009.21
1191.00,22.74,50.29,1009.84
1192.00,22.63,55.35,1014.22
1193.00,21.03,45.13,1012.04
1194.00,22.49,64.38,1011.64
1195.00,23.03,53.14,1011.64
1196.00,21.70,53.68,1011.74
1197.00,22.41,73.11,1011.06
1198.00,23.22,53.43,1011.15
1199.00,21.75,53.52,1008.59
1200.00,21.50,53.11,1012.35
1201.00,23.20,63.50,1011.16
1202.00,23.64,57.95,1016.17
1203.00,21.84,52.12,1010.67
1204.00,22.81,52.27,1010.09
1205.00,21.85,48.11,1011.60
1206.00,22.89,58.13,1013.48
1207.00,21.65,51.83,1011.82
1208.00,21.48,45.44,1010.82
1209.00,21.52,59.31,1010.14
1210.00,21.03,52.84,1009.34
1211.00,21.15,48.85,1009.62
1212.00,20.91,49.41,1011.05
1213.00,20.81,60.44,1012.25
1214.00,20.61,60.95,1011.44
1215.00,23.09,57.87,1012.16
1216.00,22.62,51.57,1017.04
1217.00,22.66,51.71,1013.05
1218.00,20.90,55.75,1011.34
1219.00,22.15,55.15,1013.48
1220.00,21.64,53.73,1012.95
1221.00,21.38,57.06,1012.72
1222.00,22.20,51.90,1012.83
1223.00,22.23,46.92,1012.15
1224.00,22.70,55.05,1011.11
1225.00,22.47,63.00,1011.42
1226.00,20.78,50.08,1012.67
1227.00,21.26,52.76,1011.05
1228.00,21.29,49.95,1013.94
1229.00,22.67,56.42,1013.95
1230.00,22.53,51.15,1011.59
1231.00,23.55,46.04,1012.08
1232.00,21.85,51.37,1008.10
1233.00,22.29,57.39,1011.14
1234.00,21.09,54.55,1015.27
1235.00,24.15,57.41,1010.08
1236.00,21.28,49.36,1011.30
1237.00,21.89,45.94,1016.63
1238.00,21.56,54.79,1010.54
1239.00,21.73,51.86,1012.51
1240.00,23.21,62.71,1014.70
1241.00,22.57,54.20,1015.64
1242.00,21.19,48.43,1011.74
1243.00,23.51,51.84,1009.03
1244.00,21.14,57.19,1010.64
1245.00,20.72,59.17,1009.42
1246.00,21.33,52.61,1011.30
1247.00,20.63,56.74,1014.56
1248.00,23.94,57.11,1012.79
1249.00,22.67,51.74,1010.47
1250.00,19.92,55.51,1010.50
1251.00,21.74,57.42,1011.42
1252.00,21.90,56.17,1009.02
1253.00,21.50,60.43,1015.17
1254.00,23.63,56.29,1010.46
1255.00,20.78,64.87,1009.12
1256.00,20.66,56.75,1008.79
1257.00,24.27,62.91,1015.80
1258.00,21.43,59.48,1012.62
1259.00,21.68,49.12,1010.67
1260.00,21.17,52.02,1015.32
1261.00,23.06,46.66,1008.97
1262.00,21.56,53.44,1010.33
1263.00,22.14,55.75,1009.88
1264.00,23.79,48.17,1011.19
1265.00,21.08,58.28,1012.33
1266.00,21.00,51.14,1010.56
1267.00,21.99,58.29,1010.40
1268.00,21.73,56.23,1011.58
1269.00,21.43,54.75,1011.05
1270.00,21.38,54.58,1011.79
1271.00,22.10,57.49,1009.27
1272.00,21.38,45.21,1010.17
1273.00,21.35,55.60,1015.87
1274.00,22.81,47.48,1011.74
1275.00,21.79,58.11,1011.64
1276.00,21.66,57.22,1012.42
1277.00,22.88,56.46,1013.41
1278.00,21.39,52.44,1015.80
1279.00,22.12,44.99,1011.15
1280.00,21.58,60.97,1013.16
1281.00,23.22,55.12,1009.41
1282.00,21.29,67.64,1013.06
1283.00,20.65,46.36,1013.55
1284.00,22.14,56.55,1008.19
1285.00,22.33,53.19,1011.31
1286.00,22.46,55.66,1012.76
1287.00,21.68,59.41,1009.81
1288.00,22.27,52.62,1011.25
1289.00,22.25,67.83,1011.06
1290.00,21.57,57.88,1012.98
1291.00,20.68,60.31,1010.77
1292.00,22.04,54.00,1011.56
1293.00,25.27,55.12,1011.38
1294.00,21.08,53.14,1012.03
1295.00,21.20,55.46,1013.07
1296.00,21.54,56.90,1015.74
1297.00,22.14,54.09,1010.07
1298.00,21.18,58.63,1011.49
1299.00,23.24,57.78,1008.38
1300.00,23.44,52.40,1011.85
1301.00,22.88,58.63,1009.97
1302.00,21.97,46.70,1014.44
1303.00,22.38,65.63,1012.38
1304.00,21.67,61.26,1014.89
1305.00,21.96,56.01,1009.22
1306.00,22.46,59.50,1014.06
1307.00,22.37,47.65,1010.61
1308.00,20.35,50.34,1011.27
1309.00,22.18,56.61,1013.18
1310.00,22.06,40.09,1010.23
1311.00,21.72,51.26,1009.88
1312.00,21.49,61.26,1010.24
1313.00,23.59,54.64,1013.62
1314.00,22.13,64.17,1011.28
1315.00,23.34,56.06,1010.32
1316.00,22.17,52.37,1010.91
1317.00,21.79,50.14,1012.84
1318.00,20.65,48.60,1011.12
1319.00,22.34,50.30,1011.57
1320.00,21.95,47.54,1007.78
1321.00,22.15,53.44,1013.11
1322.00,21.83,57.80,1014.14
1323.00,22.01,55.61,1013.15
1324.00,24.54,54.64,1013.39
1325.00,22.26,60.05,1013.47
1326.00,21.86,69.48,1012.00
1327.00,23.39,61.83,1013.44
1328.00,20.69,50.09,1011.75
1329.00,22.80,55.26,1015.41
1330.00,21.97,52.98,1013.79
1331.00,20.89,62.99,1010.81
1332.00,21.65,48.99,1010.69
1333.00,23.35,46.21,1016.61
1334.00,21.81,60.90,1014.21
1335.00,22.62,54.32,1012.68
1336.00,23.23,58.26,1010.82
1337.00,22.14,53.93,1009.97
1338.00,22.93,52.15,1011.16
1339.00,22.20,59.98,1012.31
1340.00,23.55,50.48,1010.87
1341.00,22.17,53.23,1010.81
1342.00,24.06,50.44,1012.52
1343.00,22.14,49.82,1009.85
1344.00,22.28,56.44,1012.07
1345.00,20.72,49.62,1014.72
1346.00,21.83,56.91,1012.04
1347.00,23.80,59.54,1011.01
1348.00,23.23,52.72,1012.45
1349.00,21.16,54.80,1008.44
1350.00,20.52,49.99,1010.98
1351.00,22.91,52.48,1012.65
1352.00,23.67,57.85,1013.19
1353.00,21.83,62.44,1011.77
1354.00,20.78,56.98,1011.66
1355.00,21.46,63.33,1009.79
1356.00,21.10,58.77,1011.83
1357.00,22.16,57.41,1017.20
1358.00,20.49,48.54,1012.50
1359.00,22.11,56.70,1012.96
1360.00,21.41,60.79,1013.45
1361.00,23.22,49.24,1012.35
1362.00,23.29,51.36,1011.77
1363.00,20.73,59.15,1014.62
1364.00,23.28,58.80,1012.53
1365.00,21.92,68.20,1010.69
1366.00,22.65,55.92,1010.43
1367.00,22.24,44.87,1011.27
1368.00,23.53,54.72,1008.91
1369.00,22.51,58.80,1012.85
1370.00,22.54,54.49,1014.38
1371.00,19.94,62.19,1011.60
1372.00,22.03,56.96,1012.94
1373.00,19.51,47.78,1009.94
1374.00,24.15,53.12,1012.90
1375.00,21.59,57.40,1015.06
1376.00,21.65,53.58,1016.43
1377.00,23.45,53.48,1011.13
1378.00,22.40,55.83,1016.62
1379.00,21.54,55.69,1013.79
1380.00,22.02,55.60,1013.05
1381.00,20.18,53.19,1014.03
1382.00,22.12,59.48,1009.80
1383.00,21.34,44.82,1011.16
1384.00,21.64,46.97,1012.49
1385.00,22.02,53.07,1015.43
1386.00,22.30,54.10,1012.39
1387.00,22.84,60.58,1014.78
1388.00,20.57,53.20,1011.46
1389.00,23.25,49.09,1012.09
1390.00,22.67,57.49,1010.09
1391.00,20.93,57.21,1011.41
1392.00,23.45,54.54,1009.71
1393.00,20.58,57.28,1011.08
1394.00,22.38,61.91,1009.62
1395.00,23.99,45.25,1010.96
1396.00,22.82,49.45,1013.22
1397.00,21.85,50.19,1012.04
1398.00,21.74,59.43,1012.66
1399.00,19.94,55.70,1011.13
1400.00,19.81,55.22,1012.21
1401.00,22.72,51.78,1009.74
1402.00,20.95,51.52,1014.85
1403.00,21.86,51.18,1014.96
1404.00,21.23,62.62,1009.79
1405.00,22.50,51.67,1014.01
1406.00,22.76,47.99,1013.21
1407.00,22.16,53.93,1011.90
1408.00,23.71,62.34,1012.26
1409.00,23.11,50.28,1011.75
1410.00,22.50,52.04,1013.44
1411.00,21.27,53.68,1012.93
1412.00,21.26,51.63,1012.02
1413.00,22.39,60.31,1010.44
1414.00,21.00,60.08,1007.44
1415.00,21.82,53.29,1009.30
1416.00,21.70,54.94,1010.80
1417.00,20.40,56.42,1011.32
1418.00,23.38,59.11,1013.38
1419.00,24.21,53.18,1014.70
1420.00,22.81,50.81,1014.61
1421.00,24.47,51.67,1014.77
1422.00,23.11,53.86,1011.73
1423.00,23.66,49.45,1013.21
1424.00,23.13,54.95,1011.49
1425.00,21.91,59.24,1011.24
1426.00,22.20,52.23,1010.08
1427.00,22.32,62.68,1012.30
1428.00,21.61,55.05,1014.29
1429.00,22.50,57.49,1009.67
1430.00,21.92,57.28,1011.72
1431.00,22.14,66.38,1010.76
1432.00,21.71,57.90,1014.61
1433.00,22.16,56.40,1014.93
1434.00,20.86,49.12,1010.18
1435.00,20.19,47.40,1012.07
1436.00,21.79,58.90,1014.36
1437.00,19.58,47.07,1017.69
1438.00,23.71,50.74,1010.81
1439.00,21.68,53.89,1010.85
